,Año,Provincia,Distrito,Semana,Casos
0,2023,LIMA,SAN JUAN DE LURIGANCHO,1,1.0
1,2023,LIMA,SANTIAGO DE SURCO,1,1.0
2,2023,LIMA,ATE,1,2.0
3,2023,LIMA,LURIGANCHO,1,2.0
4,2023,LIMA,SAN MARTIN DE PORRES,1,1.0
5,2023,LIMA,CHORRILLOS,2,1.0
6,2023,LIMA,COMAS,2,1.0
7,2023,LIMA,VILLA MARIA DEL TRIUNFO,2,1.0
8,2023,LIMA,ATE,2,1.0
9,2023,HUAROCHIRI,SANTA EULALIA,2,1.0
10,2023,LIMA,SAN JUAN DE LURIGANCHO,3,1.0
11,2023,LIMA,CARABAYLLO,4,1.0
12,2023,LIMA,SAN MARTIN DE PORRES,4,1.0
13,2023,LIMA,SAN JUAN DE MIRAFLORES,4,1.0
14,2023,LIMA,VILLA MARIA DEL TRIUNFO,5,1.0
15,2023,LIMA,ATE,5,1.0
16,2023,HUAROCHIRI,SAN MATEO,5,1.0
17,2023,LIMA,VILLA MARIA DEL TRIUNFO,6,3.0
18,2023,LIMA,ATE,6,3.0
19,2023,LIMA,CHACLACAYO,6,2.0
20,2023,LIMA,SAN JUAN DE MIRAFLORES,6,1.0
21,2023,LIMA,COMAS,6,1.0
22,2023,LIMA,SAN MIGUEL,6,1.0
23,2023,LIMA,LURIGANCHO,6,3.0
24,2023,LIMA,COMAS,7,1.0
25,2023,LIMA,LURIGANCHO,7,1.0
26,2023,LIMA,ATE,7,4.0
27,2023,LIMA,CHACLACAYO,7,5.0
28,2023,LIMA,VILLA EL SALVADOR,7,1.0
29,2023,LIMA,MIRAFLORES,8,1.0
30,2023,LIMA,SURQUILLO,8,1.0
31,2023,LIMA,LURIN,8,1.0
32,2023,LIMA,SAN JUAN DE MIRAFLORES,8,1.0
33,2023,LIMA,LOS OLIVOS,8,1.0
34,2023,LIMA,EL AGUSTINO,8,1.0
35,2023,LIMA,SAN JUAN DE LURIGANCHO,8,2.0
36,2023,LIMA,PACHACAMAC,8,1.0
37,2023,LIMA,ATE,8,3.0
38,2023,LIMA,VILLA MARIA DEL TRIUNFO,8,5.0
39,2023,LIMA,LURIGANCHO,8,5.0
40,2023,LIMA,CHACLACAYO,8,11.0
41,2023,LIMA,CARABAYLLO,8,1.0
42,2023,LIMA,SANTIAGO DE SURCO,9,3.0
43,2023,LIMA,VILLA EL SALVADOR,9,1.0
44,2023,LIMA,SAN BORJA,9,2.0
45,2023,LIMA,LURIGANCHO,9,2.0
46,2023,LIMA,PUENTE PIEDRA,9,3.0
47,2023,LIMA,ATE,9,2.0
48,2023,LIMA,CHACLACAYO,9,9.0
49,2023,LIMA,CARABAYLLO,9,1.0
50,2023,LIMA,CHACLACAYO,10,9.0
51,2023,LIMA,LURIGANCHO,10,3.0
52,2023,LIMA,ATE,10,3.0
53,2023,LIMA,VILLA MARIA DEL TRIUNFO,10,1.0
54,2023,LIMA,SAN JUAN DE LURIGANCHO,10,1.0
55,2023,LIMA,PUENTE PIEDRA,10,2.0
56,2023,LIMA,COMAS,10,1.0
57,2023,LIMA,PACHACAMAC,10,2.0
58,2023,LIMA,LURIN,10,1.0
59,2023,CAJATAMBO,GORGOR,10,2.0
60,2023,LIMA,LIMA,11,1.0
61,2023,LIMA,COMAS,11,1.0
62,2023,LIMA,PACHACAMAC,11,1.0
63,2023,LIMA,VILLA MARIA DEL TRIUNFO,11,5.0
64,2023,LIMA,ATE,11,1.0
65,2023,LIMA,SAN JUAN DE LURIGANCHO,11,4.0
66,2023,LIMA,CHACLACAYO,11,10.0
67,2023,LIMA,LURIGANCHO,11,8.0
68,2023,LIMA,CARABAYLLO,11,1.0
69,2023,LIMA,SAN JUAN DE LURIGANCHO,12,32.0
70,2023,LIMA,CHORRILLOS,12,1.0
71,2023,LIMA,PACHACAMAC,12,1.0
72,2023,LIMA,VILLA MARIA DEL TRIUNFO,12,1.0
73,2023,LIMA,ATE,12,23.0
74,2023,LIMA,CHACLACAYO,12,8.0
75,2023,LIMA,RIMAC,12,1.0
76,2023,LIMA,SAN MARTIN DE PORRES,12,1.0
77,2023,LIMA,CARABAYLLO,12,1.0
78,2023,LIMA,PUENTE PIEDRA,12,2.0
79,2023,LIMA,COMAS,12,13.0
80,2023,LIMA,LURIGANCHO,12,9.0
81,2023,LIMA,SAN MARTIN DE PORRES,13,3.0
82,2023,LIMA,SAN JUAN DE MIRAFLORES,13,23.0
83,2023,LIMA,VILLA MARIA DEL TRIUNFO,13,1.0
84,2023,LIMA,LURIGANCHO,13,17.0
85,2023,LIMA,SAN JUAN DE LURIGANCHO,13,46.0
86,2023,LIMA,COMAS,13,4.0
87,2023,LIMA,ATE,13,27.0
88,2023,LIMA,CHACLACAYO,13,8.0
89,2023,LIMA,LINCE,14,1.0
90,2023,LIMA,LIMA,14,1.0
91,2023,LIMA,CIENEGUILLA,14,1.0
92,2023,LIMA,RIMAC,14,2.0
93,2023,LIMA,CARABAYLLO,14,1.0
94,2023,LIMA,ANCON,14,2.0
95,2023,LIMA,PUENTE PIEDRA,14,2.0
96,2023,LIMA,COMAS,14,1.0
97,2023,LIMA,LURIGANCHO,14,8.0
98,2023,LIMA,SAN JUAN DE MIRAFLORES,14,47.0
99,2023,LIMA,CHACLACAYO,14,15.0
100,2023,LIMA,ATE,14,18.0
101,2023,LIMA,SAN JUAN DE LURIGANCHO,14,68.0
102,2023,LIMA,PACHACAMAC,14,2.0
103,2023,LIMA,LURIN,15,1.0
104,2023,LIMA,SAN BORJA,15,2.0
105,2023,LIMA,LIMA,15,1.0
106,2023,LIMA,JESUS MARIA,15,2.0
107,2023,LIMA,LINCE,15,2.0
108,2023,LIMA,MAGDALENA DEL MAR,15,1.0
109,2023,CALLAO,MI PERU,15,6.0
110,2023,CALLAO,VENTANILLA,15,16.0
111,2023,CALLAO,LA PERLA,15,0.0
112,2023,CALLAO,CARMEN DE LA LEGUA REYNOSO,15,1.0
113,2023,CALLAO,CALLAO,15,0.0
114,2023,LIMA,VILLA EL SALVADOR,15,2.0
115,2023,LIMA,LA VICTORIA,15,1.0
116,2023,LIMA,SANTIAGO DE SURCO,15,1.0
117,2023,LIMA,LA MOLINA,15,1.0
118,2023,LIMA,EL AGUSTINO,15,1.0
119,2023,LIMA,CHACLACAYO,15,11.0
120,2023,LIMA,SAN JUAN DE LURIGANCHO,15,113.0
121,2023,LIMA,PACHACAMAC,15,1.0
122,2023,LIMA,COMAS,15,18.0
123,2023,LIMA,LURIGANCHO,15,13.0
124,2023,LIMA,ATE,15,38.0
125,2023,LIMA,CARABAYLLO,15,11.0
126,2023,LIMA,PUENTE PIEDRA,15,20.0
127,2023,LIMA,SAN MARTIN DE PORRES,15,2.0
128,2023,LIMA,ANCON,15,3.0
129,2023,LIMA,RIMAC,15,1.0
130,2023,LIMA,INDEPENDENCIA,15,1.0
131,2023,LIMA,LOS OLIVOS,15,1.0
132,2023,LIMA,VILLA MARIA DEL TRIUNFO,15,4.0
133,2023,LIMA,SAN JUAN DE MIRAFLORES,15,148.0
134,2023,LIMA,SAN BORJA,16,2.0
135,2023,LIMA,LA VICTORIA,16,1.0
136,2023,LIMA,SAN MIGUEL,16,3.0
137,2023,LIMA,LIMA,16,5.0
138,2023,CALLAO,CARMEN DE LA LEGUA REYNOSO,16,0.0
139,2023,CALLAO,MI PERU,16,12.0
140,2023,CALLAO,CALLAO,16,8.0
141,2023,CALLAO,LA PERLA,16,0.0
142,2023,LIMA,PUCUSANA,16,1.0
143,2023,CALLAO,VENTANILLA,16,26.0
144,2023,LIMA,LURIN,16,1.0
145,2023,LIMA,SAN JUAN DE MIRAFLORES,16,167.0
146,2023,LIMA,SANTIAGO DE SURCO,16,4.0
147,2023,LIMA,SAN JUAN DE LURIGANCHO,16,207.0
148,2023,LIMA,ATE,16,57.0
149,2023,LIMA,CHACLACAYO,16,25.0
150,2023,LIMA,LURIGANCHO,16,42.0
151,2023,LIMA,VILLA EL SALVADOR,16,1.0
152,2023,LIMA,PUENTE PIEDRA,16,52.0
153,2023,LIMA,CARABAYLLO,16,16.0
154,2023,LIMA,VILLA MARIA DEL TRIUNFO,16,15.0
155,2023,LIMA,COMAS,16,21.0
156,2023,LIMA,ANCON,16,6.0
157,2023,LIMA,RIMAC,16,8.0
158,2023,LIMA,INDEPENDENCIA,16,5.0
159,2023,LIMA,LOS OLIVOS,16,5.0
160,2023,LIMA,SANTA ROSA,16,2.0
161,2023,LIMA,CIENEGUILLA,16,2.0
162,2023,LIMA,PACHACAMAC,16,4.0
163,2023,LIMA,SAN MARTIN DE PORRES,16,8.0
164,2023,CALLAO,VENTANILLA,17,27.0
165,2023,CALLAO,MI PERU,17,11.0
166,2023,CALLAO,CALLAO,17,5.0
167,2023,CALLAO,BELLAVISTA,17,2.0
168,2023,CALLAO,CARMEN DE LA LEGUA REYNOSO,17,0.0
169,2023,CALLAO,LA PERLA,17,1.0
170,2023,HUARAL,HUARAL,17,3.0
171,2023,LIMA,LA VICTORIA,17,3.0
172,2023,LIMA,LURIN,17,4.0
173,2023,LIMA,CHORRILLOS,17,1.0
174,2023,LIMA,SAN JUAN DE LURIGANCHO,17,200.0
175,2023,LIMA,SAN JUAN DE MIRAFLORES,17,144.0
176,2023,LIMA,ATE,17,58.0
177,2023,LIMA,LURIGANCHO,17,43.0
178,2023,LIMA,COMAS,17,23.0
179,2023,LIMA,CHACLACAYO,17,35.0
180,2023,LIMA,PUENTE PIEDRA,17,33.0
181,2023,LIMA,CARABAYLLO,17,17.0
182,2023,LIMA,VILLA MARIA DEL TRIUNFO,17,20.0
183,2023,LIMA,RIMAC,17,10.0
184,2023,LIMA,SAN MARTIN DE PORRES,17,5.0
185,2023,LIMA,INDEPENDENCIA,17,4.0
186,2023,LIMA,ANCON,17,5.0
187,2023,LIMA,LA MOLINA,17,7.0
188,2023,LIMA,SAN BORJA,17,1.0
189,2023,LIMA,EL AGUSTINO,17,1.0
190,2023,LIMA,SANTIAGO DE SURCO,17,4.0
191,2023,LIMA,VILLA EL SALVADOR,17,2.0
192,2023,LIMA,LOS OLIVOS,17,2.0
193,2023,LIMA,PUEBLO LIBRE,18,2.0
194,2023,CALLAO,VENTANILLA,18,38.0
195,2023,CALLAO,MI PERU,18,17.0
196,2023,CALLAO,CALLAO,18,6.0
197,2023,CALLAO,BELLAVISTA,18,3.0
198,2023,CALLAO,CARMEN DE LA LEGUA REYNOSO,18,1.0
199,2023,CALLAO,LA PERLA,18,0.0
200,2023,CANTA,HUAMANTANGA,18,2.0
201,2023,LIMA,SAN MIGUEL,18,1.0
202,2023,LIMA,SAN JUAN DE LURIGANCHO,18,260.0
203,2023,LIMA,LINCE,18,2.0
204,2023,LIMA,BREÑA,18,1.0
205,2023,LIMA,CHORRILLOS,18,5.0
206,2023,LIMA,SANTIAGO DE SURCO,18,4.0
207,2023,LIMA,LURIN,18,8.0
208,2023,LIMA,PACHACAMAC,18,12.0
209,2023,LIMA,SANTA ANITA,18,3.0
210,2023,LIMA,EL AGUSTINO,18,10.0
211,2023,LIMA,CIENEGUILLA,18,7.0
212,2023,LIMA,LA MOLINA,18,20.0
213,2023,LIMA,SANTA ROSA,18,5.0
214,2023,LIMA,LOS OLIVOS,18,9.0
215,2023,LIMA,INDEPENDENCIA,18,13.0
216,2023,LIMA,ANCON,18,12.0
217,2023,LIMA,SAN MARTIN DE PORRES,18,29.0
218,2023,LIMA,CARABAYLLO,18,33.0
219,2023,LIMA,VILLA MARIA DEL TRIUNFO,18,43.0
220,2023,LIMA,RIMAC,18,32.0
221,2023,LIMA,LURIGANCHO,18,47.0
222,2023,LIMA,PUENTE PIEDRA,18,72.0
223,2023,LIMA,CHACLACAYO,18,67.0
224,2023,LIMA,COMAS,18,66.0
225,2023,LIMA,ATE,18,66.0
226,2023,LIMA,SAN JUAN DE MIRAFLORES,18,239.0
227,2023,LIMA,LIMA,18,9.0
228,2023,LIMA,LA VICTORIA,18,5.0
229,2023,LIMA,VILLA EL SALVADOR,18,4.0
230,2023,LIMA,JESUS MARIA,18,3.0
231,2023,LIMA,SAN BORJA,18,2.0
232,2023,LIMA,LINCE,19,1.0
233,2023,LIMA,CARABAYLLO,19,46.0
234,2023,LIMA,PUENTE PIEDRA,19,97.0
235,2023,LIMA,CHACLACAYO,19,101.0
236,2023,LIMA,LURIGANCHO,19,120.0
237,2023,LIMA,COMAS,19,78.0
238,2023,CALLAO,MI PERU,19,14.0
239,2023,CALLAO,CALLAO,19,31.0
240,2023,CALLAO,BELLAVISTA,19,9.0
241,2023,CALLAO,CARMEN DE LA LEGUA REYNOSO,19,2.0
242,2023,CALLAO,LA PERLA,19,3.0
243,2023,LIMA,ATE,19,103.0
244,2023,LIMA,SAN JUAN DE MIRAFLORES,19,211.0
245,2023,HUAROCHIRI,SAN ANTONIO,19,4.0
246,2023,HUAROCHIRI,SANTA EULALIA,19,2.0
247,2023,HUAROCHIRI,RICARDO PALMA,19,2.0
248,2023,LIMA,SAN JUAN DE LURIGANCHO,19,265.0
249,2023,LIMA,LA VICTORIA,19,5.0
250,2023,LIMA,VILLA MARIA DEL TRIUNFO,19,84.0
251,2023,LIMA,SAN MARTIN DE PORRES,19,44.0
252,2023,LIMA,JESUS MARIA,19,2.0
253,2023,LIMA,PUEBLO LIBRE,19,4.0
254,2023,LIMA,BREÑA,19,2.0
255,2023,LIMA,SAN LUIS,19,1.0
256,2023,LIMA,CHORRILLOS,19,7.0
257,2023,LIMA,VILLA EL SALVADOR,19,15.0
258,2023,LIMA,RIMAC,19,68.0
259,2023,LIMA,LURIN,19,15.0
260,2023,LIMA,SANTIAGO DE SURCO,19,9.0
261,2023,LIMA,SANTA ANITA,19,9.0
262,2023,LIMA,CIENEGUILLA,19,17.0
263,2023,LIMA,LA MOLINA,19,16.0
264,2023,LIMA,SANTA ROSA,19,3.0
265,2023,LIMA,LOS OLIVOS,19,6.0
266,2023,LIMA,INDEPENDENCIA,19,18.0
267,2023,LIMA,ANCON,19,25.0
268,2023,LIMA,PACHACAMAC,19,16.0
269,2023,LIMA,EL AGUSTINO,19,20.0
270,2023,BARRANCA,PARAMONGA,20,1.0
271,2023,BARRANCA,SUPE,20,2.0
272,2023,LIMA,SAN BORJA,20,4.0
273,2023,LIMA,INDEPENDENCIA,20,44.0
274,2023,LIMA,BREÑA,20,4.0
275,2023,LIMA,PUEBLO LIBRE,20,7.0
276,2023,LIMA,JESUS MARIA,20,8.0
277,2023,LIMA,LINCE,20,2.0
278,2023,LIMA,LA VICTORIA,20,6.0
279,2023,LIMA,SANTA ROSA,20,2.0
280,2023,LIMA,LOS OLIVOS,20,23.0
281,2023,LIMA,ANCON,20,14.0
282,2023,LIMA,SAN MIGUEL,20,5.0
283,2023,LIMA,SAN MARTIN DE PORRES,20,63.0
284,2023,LIMA,CARABAYLLO,20,58.0
285,2023,LIMA,VILLA MARIA DEL TRIUNFO,20,117.0
286,2023,LIMA,CHACLACAYO,20,74.0
287,2023,LIMA,PUENTE PIEDRA,20,134.0
288,2023,LIMA,LURIGANCHO,20,109.0
289,2023,LIMA,COMAS,20,75.0
290,2023,LIMA,ATE,20,179.0
291,2023,LIMA,SAN JUAN DE MIRAFLORES,20,209.0
292,2023,LIMA,SAN JUAN DE LURIGANCHO,20,317.0
293,2023,LIMA,RIMAC,20,62.0
294,2023,LIMA,COMAS,21,91.0
295,2023,LIMA,ATE,21,217.0
296,2023,LIMA,CIENEGUILLA,21,9.0
297,2023,LIMA,SAN JUAN DE LURIGANCHO,21,305.0
298,2023,LIMA,LURIGANCHO,21,122.0
299,2023,LIMA,SAN JUAN DE MIRAFLORES,21,249.0
300,2023,LIMA,LA MOLINA,21,15.0
301,2023,HUAURA,HUACHO,21,2.0
302,2023,LIMA,BREÑA,21,1.0
303,2023,LIMA,BARRANCO,21,5.0
304,2023,LIMA,LA VICTORIA,21,5.0
305,2023,LIMA,LINCE,21,6.0
306,2023,LIMA,PUEBLO LIBRE,21,8.0
307,2023,LIMA,JESUS MARIA,21,10.0
308,2023,LIMA,SAN BORJA,21,3.0
309,2023,LIMA,SAN MIGUEL,21,8.0
310,2023,LIMA,PUENTE PIEDRA,21,111.0
311,2023,LIMA,SANTA ROSA,21,5.0
312,2023,LIMA,LOS OLIVOS,21,28.0
313,2023,LIMA,INDEPENDENCIA,21,32.0
314,2023,LIMA,ANCON,21,21.0
315,2023,LIMA,SAN MARTIN DE PORRES,21,90.0
316,2023,LIMA,SANTIAGO DE SURCO,21,17.0
317,2023,LIMA,LURIN,21,13.0
318,2023,LIMA,CARABAYLLO,21,47.0
319,2023,LIMA,RIMAC,21,76.0
320,2023,LIMA,CHACLACAYO,21,29.0
321,2023,LIMA,VILLA EL SALVADOR,21,35.0
322,2023,LIMA,PACHACAMAC,21,38.0
323,2023,LIMA,SANTA ANITA,21,18.0
324,2023,LIMA,VILLA MARIA DEL TRIUNFO,21,122.0
325,2023,LIMA,EL AGUSTINO,21,17.0
326,2023,LIMA,PUCUSANA,21,1.0
327,2023,LIMA,CHORRILLOS,21,24.0
328,2023,CALLAO,LA PUNTA,22,0.0
329,2023,HUAROCHIRI,SAN ANTONIO,22,2.0
330,2023,CALLAO,CALLAO,22,63.0
331,2023,CALLAO,MI PERU,22,28.0
332,2023,CALLAO,BELLAVISTA,22,8.0
333,2023,CALLAO,LA PERLA,22,4.0
334,2023,HUAROCHIRI,SANTA EULALIA,22,4.0
335,2023,CALLAO,CARMEN DE LA LEGUA REYNOSO,22,0.0
336,2023,HUAURA,SAYAN,22,1.0
337,2023,LIMA,CIENEGUILLA,22,5.0
338,2023,LIMA,LURIN,22,5.0
339,2023,LIMA,SANTIAGO DE SURCO,22,18.0
340,2023,LIMA,CHORRILLOS,22,16.0
341,2023,LIMA,VILLA EL SALVADOR,22,33.0
342,2023,LIMA,PACHACAMAC,22,33.0
343,2023,LIMA,SANTA ANITA,22,12.0
344,2023,LIMA,PUCUSANA,22,3.0
345,2023,LIMA,SAN JUAN DE LURIGANCHO,22,208.0
346,2023,LIMA,LA MOLINA,22,7.0
347,2023,LIMA,SANTA ROSA,22,2.0
348,2023,LIMA,LOS OLIVOS,22,25.0
349,2023,LIMA,ANCON,22,22.0
350,2023,LIMA,SAN MARTIN DE PORRES,22,65.0
351,2023,LIMA,INDEPENDENCIA,22,41.0
352,2023,LIMA,EL AGUSTINO,22,21.0
353,2023,LIMA,LA VICTORIA,22,8.0
354,2023,LIMA,LINCE,22,6.0
355,2023,LIMA,PUENTE PIEDRA,22,114.0
356,2023,LIMA,PUEBLO LIBRE,22,6.0
357,2023,LIMA,SAN MIGUEL,22,4.0
358,2023,LIMA,SAN BORJA,22,3.0
359,2023,LIMA,MIRAFLORES,22,3.0
360,2023,LIMA,CARABAYLLO,22,81.0
361,2023,LIMA,RIMAC,22,77.0
362,2023,LIMA,CHACLACAYO,22,29.0
363,2023,LIMA,VILLA MARIA DEL TRIUNFO,22,74.0
364,2023,LIMA,JESUS MARIA,22,10.0
365,2023,LIMA,SAN JUAN DE MIRAFLORES,22,185.0
366,2023,LIMA,LURIGANCHO,22,78.0
367,2023,LIMA,COMAS,22,112.0
368,2023,LIMA,ATE,22,167.0
369,2023,LIMA,CHACLACAYO,23,47.0
370,2023,CALLAO,LA PUNTA,23,0.0
371,2023,HUAROCHIRI,SAN ANTONIO,23,28.0
372,2023,HUAROCHIRI,SANTA EULALIA,23,3.0
373,2023,CALLAO,LA PERLA,23,1.0
374,2023,LIMA,EL AGUSTINO,23,10.0
375,2023,CALLAO,BELLAVISTA,23,7.0
376,2023,LIMA,LOS OLIVOS,23,35.0
377,2023,LIMA,ANCON,23,24.0
378,2023,LIMA,INDEPENDENCIA,23,36.0
379,2023,LIMA,SAN MARTIN DE PORRES,23,77.0
380,2023,LIMA,RIMAC,23,62.0
381,2023,LIMA,CARABAYLLO,23,43.0
382,2023,LIMA,LURIGANCHO,23,114.0
383,2023,LIMA,PUENTE PIEDRA,23,105.0
384,2023,LIMA,ATE,23,159.0
385,2023,LIMA,COMAS,23,69.0
386,2023,LIMA,SAN JUAN DE MIRAFLORES,23,143.0
387,2023,LIMA,SAN JUAN DE LURIGANCHO,23,149.0
388,2023,CALLAO,VENTANILLA,23,94.0
389,2023,CALLAO,CALLAO,23,36.0
390,2023,CALLAO,MI PERU,23,26.0
391,2023,CALLAO,CARMEN DE LA LEGUA REYNOSO,23,4.0
392,2023,LIMA,SANTA ROSA,23,2.0
393,2023,LIMA,LA MOLINA,23,2.0
394,2023,LIMA,JESUS MARIA,23,4.0
395,2023,LIMA,PUCUSANA,23,3.0
396,2023,LIMA,SANTIAGO DE SURCO,23,7.0
397,2023,LIMA,LURIN,23,9.0
398,2023,LIMA,CHORRILLOS,23,13.0
399,2023,LIMA,VILLA EL SALVADOR,23,36.0
400,2023,LIMA,PACHACAMAC,23,13.0
401,2023,LIMA,VILLA MARIA DEL TRIUNFO,23,43.0
402,2023,LIMA,SANTA ANITA,23,12.0
403,2023,LIMA,CIENEGUILLA,23,2.0
404,2023,LIMA,LINCE,23,1.0
405,2023,LIMA,PUEBLO LIBRE,23,6.0
406,2023,LIMA,SAN BORJA,23,3.0
407,2023,LIMA,MIRAFLORES,23,7.0
408,2023,LIMA,SAN MIGUEL,23,3.0
409,2023,LIMA,SAN BARTOLO,23,2.0
410,2023,LIMA,LA VICTORIA,23,7.0
411,2023,LIMA,SAN MARTIN DE PORRES,24,61.0
412,2023,LIMA,INDEPENDENCIA,24,41.0
413,2023,LIMA,RIMAC,24,65.0
414,2023,LIMA,LURIGANCHO,24,70.0
415,2023,LIMA,CARABAYLLO,24,38.0
416,2023,LIMA,PUENTE PIEDRA,24,128.0
417,2023,LIMA,ATE,24,138.0
418,2023,LIMA,COMAS,24,51.0
419,2023,LIMA,SAN JUAN DE MIRAFLORES,24,109.0
420,2023,LIMA,SAN JUAN DE LURIGANCHO,24,133.0
421,2023,LIMA,SURQUILLO,24,4.0
422,2023,LIMA,MIRAFLORES,24,2.0
423,2023,LIMA,SAN BORJA,24,7.0
424,2023,LIMA,PUEBLO LIBRE,24,3.0
425,2023,LIMA,LINCE,24,3.0
426,2023,LIMA,JESUS MARIA,24,8.0
427,2023,LIMA,LA VICTORIA,24,4.0
428,2023,LIMA,SAN BARTOLO,24,1.0
429,2023,LIMA,SANTIAGO DE SURCO,24,12.0
430,2023,LIMA,LURIN,24,3.0
431,2023,LIMA,ANCON,24,10.0
432,2023,LIMA,LOS OLIVOS,24,26.0
433,2023,LIMA,SANTA ANITA,24,8.0
434,2023,LIMA,CHACLACAYO,24,23.0
435,2023,CALLAO,BELLAVISTA,24,5.0
436,2023,CALLAO,MI PERU,24,27.0
437,2023,CALLAO,LA PUNTA,24,0.0
438,2023,LIMA,SANTA ROSA,24,4.0
439,2023,CALLAO,CALLAO,24,29.0
440,2023,LIMA,CHORRILLOS,24,15.0
441,2023,CALLAO,CARMEN DE LA LEGUA REYNOSO,24,3.0
442,2023,LIMA,PACHACAMAC,24,12.0
443,2023,LIMA,VILLA EL SALVADOR,24,23.0
444,2023,LIMA,VILLA MARIA DEL TRIUNFO,24,48.0
445,2023,LIMA,CIENEGUILLA,24,5.0
446,2023,LIMA,EL AGUSTINO,24,16.0
447,2023,LIMA,LA MOLINA,24,6.0
448,2023,CALLAO,LA PERLA,24,1.0
449,2023,CALLAO,BELLAVISTA,25,5.0
450,2023,CALLAO,MI PERU,25,11.0
451,2023,CALLAO,CALLAO,25,21.0
452,2023,CALLAO,CARMEN DE LA LEGUA REYNOSO,25,2.0
453,2023,LIMA,RIMAC,25,59.0
454,2023,LIMA,SAN JUAN DE MIRAFLORES,25,71.0
455,2023,LIMA,COMAS,25,52.0
456,2023,LIMA,PUENTE PIEDRA,25,107.0
457,2023,LIMA,ATE,25,75.0
458,2023,LIMA,CARABAYLLO,25,32.0
459,2023,CALLAO,LA PUNTA,25,0.0
460,2023,LIMA,SAN JUAN DE LURIGANCHO,25,95.0
461,2023,CALLAO,LA PERLA,25,0.0
462,2023,LIMA,LURIGANCHO,25,91.0
463,2023,LIMA,PUEBLO LIBRE,25,5.0
464,2023,LIMA,SAN BORJA,25,3.0
465,2023,LIMA,LINCE,25,5.0
466,2023,LIMA,JESUS MARIA,25,3.0
467,2023,LIMA,LA VICTORIA,25,10.0
468,2023,LIMA,SAN BARTOLO,25,4.0
469,2023,LIMA,PUCUSANA,25,1.0
470,2023,LIMA,LURIN,25,8.0
471,2023,LIMA,SANTIAGO DE SURCO,25,17.0
472,2023,LIMA,MIRAFLORES,25,6.0
473,2023,LIMA,CHORRILLOS,25,18.0
474,2023,LIMA,VILLA EL SALVADOR,25,25.0
475,2023,LIMA,PACHACAMAC,25,11.0
476,2023,LIMA,SANTA ANITA,25,10.0
477,2023,LIMA,INDEPENDENCIA,25,25.0
478,2023,LIMA,SAN MARTIN DE PORRES,25,53.0
479,2023,LIMA,LOS OLIVOS,25,9.0
480,2023,LIMA,ANCON,25,20.0
481,2023,LIMA,SANTA ROSA,25,3.0
482,2023,LIMA,CHACLACAYO,25,18.0
483,2023,LIMA,LA MOLINA,25,6.0
484,2023,LIMA,VILLA MARIA DEL TRIUNFO,25,42.0
485,2023,LIMA,SURQUILLO,25,3.0
486,2023,LIMA,EL AGUSTINO,25,17.0
487,2023,LIMA,CIENEGUILLA,25,4.0
488,2023,CALLAO,BELLAVISTA,26,3.0
489,2023,CALLAO,CARMEN DE LA LEGUA REYNOSO,26,2.0
490,2023,CALLAO,LA PERLA,26,1.0
491,2023,CALLAO,LA PUNTA,26,0.0
492,2023,HUAROCHIRI,SAN ANTONIO,26,6.0
493,2023,CALLAO,MI PERU,26,2.0
494,2023,CALLAO,CALLAO,26,4.0
495,2023,LIMA,MIRAFLORES,26,2.0
496,2023,LIMA,COMAS,26,44.0
497,2023,LIMA,SAN BORJA,26,2.0
498,2023,LIMA,PUEBLO LIBRE,26,7.0
499,2023,LIMA,LINCE,26,1.0
500,2023,LIMA,JESUS MARIA,26,7.0
501,2023,LIMA,LA VICTORIA,26,7.0
502,2023,LIMA,SAN BARTOLO,26,2.0
503,2023,LIMA,LURIN,26,1.0
504,2023,LIMA,SANTIAGO DE SURCO,26,5.0
505,2023,LIMA,PACHACAMAC,26,3.0
506,2023,LIMA,CHORRILLOS,26,7.0
507,2023,LIMA,VILLA EL SALVADOR,26,8.0
508,2023,LIMA,VILLA MARIA DEL TRIUNFO,26,22.0
509,2023,LIMA,SAN JUAN DE LURIGANCHO,26,61.0
510,2023,LIMA,CIENEGUILLA,26,1.0
511,2023,LIMA,SANTA ANITA,26,2.0
512,2023,LIMA,EL AGUSTINO,26,5.0
513,2023,LIMA,PUENTE PIEDRA,26,105.0
514,2023,LIMA,SAN JUAN DE MIRAFLORES,26,31.0
515,2023,LIMA,CARABAYLLO,26,28.0
516,2023,LIMA,ATE,26,31.0
517,2023,LIMA,RIMAC,26,35.0
518,2023,LIMA,LURIGANCHO,26,67.0
519,2023,LIMA,LA MOLINA,26,2.0
520,2023,LIMA,INDEPENDENCIA,26,18.0
521,2023,LIMA,LOS OLIVOS,26,10.0
522,2023,LIMA,ANCON,26,13.0
523,2023,LIMA,SANTA ROSA,26,4.0
524,2023,LIMA,CHACLACAYO,26,11.0
525,2023,LIMA,SAN MARTIN DE PORRES,26,24.0
526,2023,CALLAO,BELLAVISTA,27,1.0
527,2023,CALLAO,CALLAO,27,15.0
528,2023,CALLAO,MI PERU,27,2.0
529,2023,CALLAO,LA PERLA,27,1.0
530,2023,CALLAO,CARMEN DE LA LEGUA REYNOSO,27,1.0
531,2023,CALLAO,LA PUNTA,27,0.0
532,2023,LIMA,PACHACAMAC,27,1.0
533,2023,LIMA,CIENEGUILLA,27,1.0
534,2023,LIMA,SAN BORJA,27,4.0
535,2023,LIMA,PUEBLO LIBRE,27,2.0
536,2023,LIMA,LINCE,27,2.0
537,2023,LIMA,JESUS MARIA,27,1.0
538,2023,LIMA,LA VICTORIA,27,2.0
539,2023,LIMA,SAN BARTOLO,27,2.0
540,2023,LIMA,LURIN,27,2.0
541,2023,LIMA,SANTIAGO DE SURCO,27,1.0
542,2023,LIMA,CHORRILLOS,27,7.0
543,2023,LIMA,VILLA EL SALVADOR,27,7.0
544,2023,LIMA,VILLA MARIA DEL TRIUNFO,27,23.0
545,2023,LIMA,SANTA ANITA,27,3.0
546,2023,LIMA,LA MOLINA,27,2.0
547,2023,LIMA,SAN MIGUEL,27,4.0
548,2023,LIMA,EL AGUSTINO,27,13.0
549,2023,LIMA,ANCON,27,9.0
550,2023,LIMA,LOS OLIVOS,27,11.0
551,2023,HUAROCHIRI,SAN ANTONIO,27,6.0
552,2023,LIMA,SAN MARTIN DE PORRES,27,32.0
553,2023,LIMA,INDEPENDENCIA,27,20.0
554,2023,LIMA,LURIGANCHO,27,58.0
555,2023,LIMA,RIMAC,27,30.0
556,2023,LIMA,ATE,27,24.0
557,2023,LIMA,SAN JUAN DE MIRAFLORES,27,15.0
558,2023,LIMA,CARABAYLLO,27,28.0
559,2023,LIMA,PUENTE PIEDRA,27,91.0
560,2023,LIMA,COMAS,27,23.0
561,2023,LIMA,SAN JUAN DE LURIGANCHO,27,63.0
562,2023,LIMA,CHACLACAYO,27,20.0
563,2023,LIMA,PUENTE PIEDRA,28,87.0
564,2023,LIMA,COMAS,28,20.0
565,2023,LIMA,ATE,28,27.0
566,2023,LIMA,CARABAYLLO,28,18.0
567,2023,LIMA,SAN JUAN DE LURIGANCHO,28,51.0
568,2023,LIMA,SAN JUAN DE MIRAFLORES,28,14.0
569,2023,LIMA,VILLA MARIA DEL TRIUNFO,28,13.0
570,2023,LIMA,INDEPENDENCIA,28,53.0
571,2023,CALLAO,LA PUNTA,28,0.0
572,2023,CALLAO,LA PERLA,28,0.0
573,2023,CALLAO,CARMEN DE LA LEGUA REYNOSO,28,1.0
574,2023,CALLAO,BELLAVISTA,28,1.0
575,2023,CALLAO,CALLAO,28,17.0
576,2023,CALLAO,MI PERU,28,3.0
577,2023,HUAROCHIRI,SAN ANTONIO,28,3.0
578,2023,LIMA,SAN MIGUEL,28,4.0
579,2023,LIMA,SAN BORJA,28,2.0
580,2023,LIMA,PUEBLO LIBRE,28,1.0
581,2023,LIMA,JESUS MARIA,28,1.0
582,2023,LIMA,LURIN,28,2.0
583,2023,LIMA,SANTIAGO DE SURCO,28,1.0
584,2023,LIMA,LA VICTORIA,28,4.0
585,2023,LIMA,CHORRILLOS,28,1.0
586,2023,LIMA,VILLA EL SALVADOR,28,6.0
587,2023,LIMA,SANTA ANITA,28,7.0
588,2023,LIMA,CIENEGUILLA,28,6.0
589,2023,LIMA,EL AGUSTINO,28,14.0
590,2023,LIMA,LA MOLINA,28,2.0
591,2023,LIMA,RIMAC,28,20.0
592,2023,LIMA,CHACLACAYO,28,9.0
593,2023,LIMA,LURIGANCHO,28,32.0
594,2023,LIMA,PACHACAMAC,28,2.0
595,2023,LIMA,SAN MARTIN DE PORRES,28,18.0
596,2023,LIMA,SANTA ROSA,28,1.0
597,2023,LIMA,ANCON,28,16.0
598,2023,LIMA,LOS OLIVOS,28,5.0
599,2023,CALLAO,MI PERU,30,7.0
600,2023,CALLAO,LA PERLA,30,0.0
601,2023,CALLAO,LA PUNTA,30,0.0
602,2023,HUAROCHIRI,SAN ANTONIO,30,1.0
603,2023,CALLAO,BELLAVISTA,30,1.0
604,2023,CALLAO,CARMEN DE LA LEGUA REYNOSO,30,0.0
605,2023,CALLAO,CALLAO,30,6.0
606,2023,LIMA,SAN JUAN DE MIRAFLORES,30,2.0
607,2023,LIMA,CHORRILLOS,30,4.0
608,2023,LIMA,SAN BORJA,30,2.0
609,2023,LIMA,PUEBLO LIBRE,30,1.0
610,2023,LIMA,LA VICTORIA,30,1.0
611,2023,LIMA,LINCE,30,1.0
612,2023,LIMA,JESUS MARIA,30,1.0
613,2023,LIMA,VILLA EL SALVADOR,30,1.0
614,2023,LIMA,VILLA MARIA DEL TRIUNFO,30,6.0
615,2023,LIMA,SANTA ANITA,30,2.0
616,2023,LIMA,LA MOLINA,30,1.0
617,2023,LIMA,CHACLACAYO,30,2.0
618,2023,LIMA,LURIGANCHO,30,11.0
619,2023,LIMA,EL AGUSTINO,30,2.0
620,2023,LIMA,ANCON,30,7.0
621,2023,LIMA,PUENTE PIEDRA,30,59.0
622,2023,LIMA,CARABAYLLO,30,14.0
623,2023,LIMA,SANTA ROSA,30,4.0
624,2023,LIMA,INDEPENDENCIA,30,9.0
625,2023,LIMA,RIMAC,30,8.0
626,2023,LIMA,ATE,30,14.0
627,2023,LIMA,SAN JUAN DE LURIGANCHO,30,29.0
628,2023,LIMA,COMAS,30,22.0
629,2023,LIMA,LOS OLIVOS,30,4.0
630,2023,LIMA,SAN MARTIN DE PORRES,30,12.0
631,2023,LIMA,INDEPENDENCIA,31,9.0
632,2023,LIMA,SAN JUAN DE LURIGANCHO,31,18.0
633,2023,LIMA,COMAS,31,13.0
634,2023,LIMA,CARABAYLLO,31,13.0
635,2023,LIMA,SAN JUAN DE MIRAFLORES,31,2.0
636,2023,LIMA,ATE,31,13.0
637,2023,LIMA,RIMAC,31,11.0
638,2023,LIMA,ANCON,31,6.0
639,2023,LIMA,LOS OLIVOS,31,4.0
640,2023,LIMA,SANTA ROSA,31,3.0
641,2023,LIMA,LURIGANCHO,31,13.0
642,2023,LIMA,CHACLACAYO,31,4.0
643,2023,LIMA,LA MOLINA,31,3.0
644,2023,LIMA,EL AGUSTINO,31,1.0
645,2023,LIMA,SANTA ANITA,31,4.0
646,2023,LIMA,LA VICTORIA,31,2.0
647,2023,LIMA,SAN BORJA,31,1.0
648,2023,LIMA,SAN MIGUEL,31,1.0
649,2023,LIMA,SAN MARTIN DE PORRES,31,9.0
650,2023,LIMA,PUEBLO LIBRE,31,3.0
651,2023,LIMA,PUENTE PIEDRA,31,44.0
652,2023,CALLAO,CALLAO,31,4.0
653,2023,CALLAO,LA PUNTA,31,0.0
654,2023,CALLAO,LA PERLA,31,0.0
655,2023,CALLAO,MI PERU,31,13.0
656,2023,CALLAO,BELLAVISTA,31,1.0
657,2023,CALLAO,CARMEN DE LA LEGUA REYNOSO,31,0.0
658,2023,LIMA,INDEPENDENCIA,32,12.0
659,2023,LIMA,ATE,32,11.0
660,2023,LIMA,RIMAC,32,6.0
661,2023,LIMA,SAN MARTIN DE PORRES,32,16.0
662,2023,LIMA,LOS OLIVOS,32,10.0
663,2023,LIMA,ANCON,32,4.0
664,2023,LIMA,SANTA ROSA,32,1.0
665,2023,LIMA,LURIGANCHO,32,16.0
666,2023,LIMA,CHACLACAYO,32,2.0
667,2023,LIMA,LA MOLINA,32,1.0
668,2023,LIMA,SAN JUAN DE MIRAFLORES,32,6.0
669,2023,LIMA,CIENEGUILLA,32,1.0
670,2023,LIMA,VILLA MARIA DEL TRIUNFO,32,4.0
671,2023,LIMA,VILLA EL SALVADOR,32,8.0
672,2023,LIMA,CHORRILLOS,32,2.0
673,2023,LIMA,SANTIAGO DE SURCO,32,1.0
674,2023,LIMA,LA VICTORIA,32,2.0
675,2023,LIMA,PUEBLO LIBRE,32,1.0
676,2023,LIMA,SAN MIGUEL,32,3.0
677,2023,LIMA,EL AGUSTINO,32,5.0
678,2023,LIMA,SANTA ANITA,32,4.0
679,2023,LIMA,CARABAYLLO,32,10.0
680,2023,CALLAO,LA PUNTA,32,0.0
681,2023,LIMA,COMAS,32,18.0
682,2023,LIMA,SAN JUAN DE LURIGANCHO,32,16.0
683,2023,CALLAO,LA PERLA,32,0.0
684,2023,CALLAO,CARMEN DE LA LEGUA REYNOSO,32,2.0
685,2023,CALLAO,BELLAVISTA,32,2.0
686,2023,CALLAO,CALLAO,32,3.0
687,2023,LIMA,PUENTE PIEDRA,32,33.0
688,2023,CALLAO,MI PERU,32,7.0
689,2023,LIMA,ATE,34,6.0
690,2023,LIMA,SAN MARTIN DE PORRES,34,10.0
691,2023,LIMA,PUENTE PIEDRA,34,19.0
692,2023,LIMA,CARABAYLLO,34,16.0
693,2023,LIMA,SAN JUAN DE MIRAFLORES,34,1.0
694,2023,LIMA,INDEPENDENCIA,34,11.0
695,2023,LIMA,COMAS,34,8.0
696,2023,LIMA,SAN JUAN DE LURIGANCHO,34,11.0
697,2023,LIMA,RIMAC,34,9.0
698,2023,LIMA,SAN JUAN DE LURIGANCHO,35,6.0
699,2023,LIMA,CARABAYLLO,35,5.0
700,2023,LIMA,INDEPENDENCIA,35,11.0
701,2023,LIMA,RIMAC,35,3.0
702,2023,LIMA,ATE,35,6.0
703,2023,LIMA,SAN MARTIN DE PORRES,35,3.0
704,2023,LIMA,LOS OLIVOS,35,1.0
705,2023,LIMA,LA VICTORIA,35,2.0
706,2023,LIMA,LURIGANCHO,35,5.0
707,2023,LIMA,CHACLACAYO,35,3.0
708,2023,LIMA,EL AGUSTINO,35,1.0
709,2023,LIMA,PUENTE PIEDRA,35,24.0
710,2023,LIMA,COMAS,35,10.0
711,2023,LIMA,ANCON,35,4.0
712,2023,LIMA,VILLA EL SALVADOR,35,2.0
713,2023,CALLAO,MI PERU,35,10.0
714,2023,CALLAO,CALLAO,35,1.0
715,2023,CALLAO,BELLAVISTA,35,0.0
716,2023,CALLAO,CARMEN DE LA LEGUA REYNOSO,35,1.0
717,2023,CALLAO,LA PERLA,35,0.0
718,2023,CALLAO,LA PUNTA,35,0.0
719,2023,LIMA,PUCUSANA,35,1.0
720,2023,LIMA,LURIN,35,1.0
721,2023,CALLAO,MI PERU,36,8.0
722,2023,CALLAO,CALLAO,36,4.0
723,2023,CALLAO,BELLAVISTA,36,1.0
724,2023,CALLAO,CARMEN DE LA LEGUA REYNOSO,36,0.0
725,2023,CALLAO,LA PERLA,36,0.0
726,2023,CALLAO,LA PUNTA,36,0.0
727,2023,LIMA,SAN JUAN DE LURIGANCHO,36,2.0
728,2023,LIMA,CHORRILLOS,36,2.0
729,2023,LIMA,PUEBLO LIBRE,36,2.0
730,2023,LIMA,LA VICTORIA,36,2.0
731,2023,LIMA,PACHACAMAC,36,1.0
732,2023,LIMA,SANTIAGO DE SURCO,36,2.0
733,2023,LIMA,VILLA EL SALVADOR,36,3.0
734,2023,LIMA,SANTA ANITA,36,2.0
735,2023,LIMA,LA MOLINA,36,1.0
736,2023,LIMA,CHACLACAYO,36,1.0
737,2023,LIMA,LURIGANCHO,36,4.0
738,2023,LIMA,ANCON,36,3.0
739,2023,LIMA,SANTA ROSA,36,2.0
740,2023,LIMA,SAN MARTIN DE PORRES,36,1.0
741,2023,LIMA,ATE,36,3.0
742,2023,LIMA,RIMAC,36,1.0
743,2023,LIMA,INDEPENDENCIA,36,8.0
744,2023,LIMA,CARABAYLLO,36,5.0
745,2023,LIMA,PUENTE PIEDRA,36,18.0
746,2023,LIMA,COMAS,36,16.0
747,2023,LIMA,LOS OLIVOS,36,1.0
748,2023,LIMA,PUENTE PIEDRA,37,19.0
749,2023,CALLAO,CALLAO,37,0.0
750,2023,CALLAO,BELLAVISTA,37,0.0
751,2023,CALLAO,CARMEN DE LA LEGUA REYNOSO,37,0.0
752,2023,CALLAO,MI PERU,37,5.0
753,2023,LIMA,SAN JUAN DE LURIGANCHO,37,2.0
754,2023,LIMA,COMAS,37,10.0
755,2023,LIMA,CARABAYLLO,37,7.0
756,2023,LIMA,RIMAC,37,1.0
757,2023,LIMA,INDEPENDENCIA,37,10.0
758,2023,LIMA,CHORRILLOS,37,1.0
759,2023,LIMA,ATE,37,4.0
760,2023,LIMA,SAN MARTIN DE PORRES,37,7.0
761,2023,LIMA,LOS OLIVOS,37,3.0
762,2023,CALLAO,LA PERLA,37,0.0
763,2023,LIMA,ANCON,37,1.0
764,2023,LIMA,LURIGANCHO,37,1.0
765,2023,LIMA,EL AGUSTINO,37,3.0
766,2023,LIMA,SAN JUAN DE MIRAFLORES,37,1.0
767,2023,CALLAO,LA PUNTA,37,0.0
768,2023,LIMA,VILLA EL SALVADOR,37,5.0
769,2023,LIMA,BREÑA,37,1.0
770,2023,HUAROCHIRI,SANTA EULALIA,37,1.0
771,2023,LIMA,SANTA ANITA,37,2.0
772,2023,LIMA,LA VICTORIA,37,2.0
773,2023,LIMA,BREÑA,38,1.0
774,2023,LIMA,SAN MIGUEL,38,1.0
775,2023,LIMA,LINCE,38,2.0
776,2023,LIMA,LURIN,38,1.0
777,2023,LIMA,CHORRILLOS,38,1.0
778,2023,LIMA,VILLA MARIA DEL TRIUNFO,38,1.0
779,2023,LIMA,LURIGANCHO,38,1.0
780,2023,LIMA,LOS OLIVOS,38,4.0
781,2023,LIMA,SAN MARTIN DE PORRES,38,3.0
782,2023,LIMA,ATE,38,1.0
783,2023,LIMA,INDEPENDENCIA,38,4.0
784,2023,LIMA,SAN JUAN DE MIRAFLORES,38,1.0
785,2023,LIMA,CARABAYLLO,38,2.0
786,2023,LIMA,PUENTE PIEDRA,38,11.0
787,2023,LIMA,COMAS,38,8.0
788,2023,LIMA,SAN JUAN DE LURIGANCHO,38,1.0
789,2023,LIMA,ANCON,38,1.0
790,2023,LIMA,RIMAC,38,6.0
791,2023,LIMA,VILLA EL SALVADOR,38,2.0
792,2023,CALLAO,MI PERU,38,10.0
793,2023,CALLAO,LA PUNTA,38,0.0
794,2023,CALLAO,LA PERLA,38,0.0
795,2023,HUAROCHIRI,SAN ANTONIO,38,1.0
796,2023,CALLAO,BELLAVISTA,38,0.0
797,2023,CALLAO,CALLAO,38,0.0
798,2023,CALLAO,CARMEN DE LA LEGUA REYNOSO,38,0.0
799,2023,LIMA,LINCE,39,1.0
800,2023,LIMA,LA VICTORIA,39,1.0
801,2023,LIMA,SAN JUAN DE LURIGANCHO,39,2.0
802,2023,LIMA,CHORRILLOS,39,1.0
803,2023,LIMA,SAN MARTIN DE PORRES,39,1.0
804,2023,LIMA,ATE,39,1.0
805,2023,LIMA,RIMAC,39,1.0
806,2023,LIMA,INDEPENDENCIA,39,2.0
807,2023,LIMA,CARABAYLLO,39,4.0
808,2023,LIMA,COMAS,39,7.0
809,2023,LIMA,PACHACAMAC,39,1.0
810,2023,LIMA,PUENTE PIEDRA,39,7.0
811,2023,CALLAO,LA PUNTA,39,0.0
812,2023,CALLAO,LA PERLA,39,0.0
813,2023,CALLAO,CARMEN DE LA LEGUA REYNOSO,39,0.0
814,2023,CALLAO,BELLAVISTA,39,0.0
815,2023,CALLAO,CALLAO,39,1.0
816,2023,CALLAO,MI PERU,39,8.0
817,2023,HUAROCHIRI,SAN ANTONIO,40,1.0
818,2023,LIMA,LA VICTORIA,40,1.0
819,2023,LIMA,PACHACAMAC,40,3.0
820,2023,LIMA,VILLA EL SALVADOR,40,6.0
821,2023,LIMA,VILLA MARIA DEL TRIUNFO,40,1.0
822,2023,LIMA,SAN MARTIN DE PORRES,40,3.0
823,2023,LIMA,ATE,40,3.0
824,2023,LIMA,RIMAC,40,3.0
825,2023,LIMA,INDEPENDENCIA,40,2.0
826,2023,LIMA,SAN JUAN DE MIRAFLORES,40,1.0
827,2023,LIMA,SAN JUAN DE LURIGANCHO,40,1.0
828,2023,LIMA,COMAS,40,5.0
829,2023,CALLAO,LA PUNTA,40,0.0
830,2023,CALLAO,MI PERU,40,1.0
831,2023,CALLAO,CALLAO,40,2.0
832,2023,CALLAO,BELLAVISTA,40,0.0
833,2023,LIMA,PUEBLO LIBRE,40,1.0
834,2023,CALLAO,CARMEN DE LA LEGUA REYNOSO,40,0.0
835,2023,CALLAO,LA PERLA,40,0.0
836,2023,LIMA,PUENTE PIEDRA,40,5.0
837,2023,LIMA,BREÑA,40,1.0
838,2023,LIMA,CARABAYLLO,40,3.0
839,2023,LIMA,RIMAC,41,2.0
840,2023,CALLAO,CALLAO,41,1.0
841,2023,CALLAO,BELLAVISTA,41,0.0
842,2023,CALLAO,CARMEN DE LA LEGUA REYNOSO,41,0.0
843,2023,CALLAO,LA PERLA,41,0.0
844,2023,CALLAO,LA PUNTA,41,0.0
845,2023,CALLAO,MI PERU,41,3.0
846,2023,LIMA,BREÑA,41,1.0
847,2023,LIMA,LA VICTORIA,41,2.0
848,2023,LIMA,ATE,41,7.0
849,2023,LIMA,VILLA MARIA DEL TRIUNFO,41,2.0
850,2023,LIMA,SAN JUAN DE MIRAFLORES,41,1.0
851,2023,LIMA,CARABAYLLO,41,1.0
852,2023,LIMA,PUENTE PIEDRA,41,8.0
853,2023,LIMA,COMAS,41,11.0
854,2023,LIMA,SAN JUAN DE LURIGANCHO,41,2.0
855,2023,LIMA,VILLA EL SALVADOR,41,3.0
856,2023,LIMA,SAN MARTIN DE PORRES,41,1.0
857,2023,HUARAL,AUCALLAMA,42,1.0
858,2023,CALLAO,VENTANILLA,43,2.0
859,2023,CALLAO,MI PERU,43,10.0
860,2023,CALLAO,CALLAO,43,1.0
861,2023,CALLAO,BELLAVISTA,43,0.0
862,2023,CALLAO,CARMEN DE LA LEGUA REYNOSO,43,0.0
863,2023,CALLAO,LA PERLA,43,0.0
864,2023,CALLAO,LA PUNTA,43,0.0
865,2023,HUAROCHIRI,SAN ANTONIO,43,1.0
866,2023,LIMA,LURIGANCHO,43,2.0
867,2023,LIMA,SAN JUAN DE LURIGANCHO,43,2.0
868,2023,LIMA,COMAS,43,3.0
869,2023,LIMA,PUENTE PIEDRA,43,4.0
870,2023,LIMA,CARABAYLLO,43,2.0
871,2023,LIMA,SAN JUAN DE MIRAFLORES,43,3.0
872,2023,LIMA,INDEPENDENCIA,43,1.0
873,2023,LIMA,RIMAC,43,2.0
874,2023,LIMA,ATE,43,3.0
875,2023,LIMA,SAN MARTIN DE PORRES,43,4.0
876,2023,LIMA,PACHACAMAC,43,1.0
877,2023,LIMA,VILLA EL SALVADOR,43,5.0
878,2023,LIMA,SANTIAGO DE SURCO,43,1.0
879,2023,LIMA,SANTA ANITA,43,1.0
880,2023,LIMA,VILLA EL SALVADOR,44,2.0
881,2023,CALLAO,MI PERU,44,4.0
882,2023,CALLAO,CALLAO,44,0.0
883,2023,CALLAO,BELLAVISTA,44,0.0
884,2023,CALLAO,CARMEN DE LA LEGUA REYNOSO,44,0.0
885,2023,CALLAO,LA PERLA,44,0.0
886,2023,CALLAO,LA PUNTA,44,0.0
887,2023,LIMA,SAN MIGUEL,44,1.0
888,2023,LIMA,SANTIAGO DE SURCO,44,1.0
889,2023,LIMA,VILLA MARIA DEL TRIUNFO,44,1.0
890,2023,LIMA,CIENEGUILLA,44,1.0
891,2023,LIMA,SAN JUAN DE LURIGANCHO,44,3.0
892,2023,LIMA,COMAS,44,2.0
893,2023,LIMA,PUENTE PIEDRA,44,4.0
894,2023,LIMA,CARABAYLLO,44,1.0
895,2023,LIMA,CHACLACAYO,44,1.0
896,2023,LIMA,LURIGANCHO,44,5.0
897,2023,LIMA,LOS OLIVOS,44,1.0
898,2023,LIMA,EL AGUSTINO,44,1.0
899,2023,LIMA,ATE,44,3.0
900,2023,CALLAO,LA PUNTA,45,0.0
901,2023,CALLAO,CARMEN DE LA LEGUA REYNOSO,45,0.0
902,2023,CALLAO,MI PERU,45,11.0
903,2023,CALLAO,CALLAO,45,1.0
904,2023,LIMA,PACHACAMAC,45,2.0
905,2023,CALLAO,BELLAVISTA,45,0.0
906,2023,LIMA,SANTA ANITA,45,1.0
907,2023,CALLAO,LA PERLA,45,0.0
908,2023,LIMA,SANTA ROSA,45,1.0
909,2023,LIMA,LOS OLIVOS,45,1.0
910,2023,LIMA,COMAS,45,1.0
911,2023,LIMA,SAN MARTIN DE PORRES,45,1.0
912,2023,LIMA,PUENTE PIEDRA,45,2.0
913,2023,HUAROCHIRI,SAN ANTONIO,45,2.0
914,2023,LIMA,CARABAYLLO,45,2.0
915,2023,LIMA,SAN JUAN DE MIRAFLORES,45,3.0
916,2023,LIMA,RIMAC,45,1.0
917,2023,LIMA,ATE,45,8.0
918,2023,LIMA,LURIGANCHO,45,2.0
919,2023,HUAROCHIRI,SAN ANTONIO,46,1.0
920,2023,CALLAO,VENTANILLA,46,3.0
921,2023,CALLAO,CALLAO,46,1.0
922,2023,CALLAO,BELLAVISTA,46,0.0
923,2023,CALLAO,CARMEN DE LA LEGUA REYNOSO,46,0.0
924,2023,CALLAO,LA PERLA,46,0.0
925,2023,CALLAO,LA PUNTA,46,0.0
926,2023,LIMA,ANCON,46,1.0
927,2023,LIMA,ATE,46,1.0
928,2023,LIMA,SAN MARTIN DE PORRES,46,5.0
929,2023,LIMA,CARABAYLLO,46,1.0
930,2023,LIMA,COMAS,46,2.0
931,2023,CALLAO,MI PERU,46,8.0
932,2023,LIMA,PUENTE PIEDRA,46,2.0
933,2023,LIMA,VILLA MARIA DEL TRIUNFO,46,2.0
934,2023,LIMA,VILLA EL SALVADOR,46,2.0
935,2023,LIMA,PACHACAMAC,46,1.0
936,2023,LIMA,LA VICTORIA,46,1.0
937,2023,LIMA,SANTA ROSA,46,1.0
938,2023,LIMA,SANTA ANITA,46,1.0
939,2023,LIMA,SANTIAGO DE SURCO,46,1.0
940,2023,LIMA,COMAS,48,3.0
941,2023,LIMA,PUENTE PIEDRA,48,2.0
942,2023,LIMA,CARABAYLLO,48,3.0
943,2023,CALLAO,CARMEN DE LA LEGUA REYNOSO,48,0.0
944,2023,LIMA,INDEPENDENCIA,48,1.0
945,2023,LIMA,ANCON,48,1.0
946,2023,LIMA,SANTA ROSA,48,1.0
947,2023,LIMA,LURIGANCHO,48,3.0
948,2023,LIMA,PACHACAMAC,48,1.0
949,2023,LIMA,SAN JUAN DE MIRAFLORES,48,1.0
950,2023,CALLAO,BELLAVISTA,48,0.0
951,2023,CALLAO,MI PERU,48,5.0
952,2023,CALLAO,LA PERLA,48,0.0
953,2023,CALLAO,LA PUNTA,48,0.0
954,2023,HUAROCHIRI,SAN ANTONIO,48,1.0
955,2023,CALLAO,CALLAO,48,0.0
956,2023,CALLAO,MI PERU,49,5.0
957,2023,CALLAO,CALLAO,49,0.0
958,2023,CALLAO,BELLAVISTA,49,1.0
959,2023,CALLAO,CARMEN DE LA LEGUA REYNOSO,49,0.0
960,2023,CALLAO,LA PERLA,49,0.0
961,2023,CALLAO,LA PUNTA,49,0.0
962,2023,LIMA,SANTIAGO DE SURCO,49,1.0
963,2023,LIMA,EL AGUSTINO,49,1.0
964,2023,LIMA,LURIGANCHO,49,4.0
965,2023,LIMA,SAN JUAN DE LURIGANCHO,49,1.0
966,2023,LIMA,CARABAYLLO,49,1.0
967,2023,LIMA,SAN JUAN DE MIRAFLORES,49,2.0
968,2023,LIMA,PUENTE PIEDRA,49,7.0
969,2023,LIMA,SAN JUAN DE LURIGANCHO,50,1.0
970,2023,LIMA,COMAS,50,1.0
971,2023,LIMA,PUENTE PIEDRA,50,4.0
972,2023,LIMA,CARABAYLLO,50,3.0
973,2023,LIMA,SAN JUAN DE MIRAFLORES,50,2.0
974,2023,LIMA,LOS OLIVOS,50,1.0
975,2023,LIMA,LURIGANCHO,50,5.0
976,2023,CALLAO,LA PUNTA,50,0.0
977,2023,CALLAO,LA PERLA,50,0.0
978,2023,CALLAO,BELLAVISTA,50,0.0
979,2023,CALLAO,CARMEN DE LA LEGUA REYNOSO,50,0.0
980,2023,CALLAO,MI PERU,50,8.0
981,2023,LIMA,LINCE,50,1.0
982,2023,LIMA,PUCUSANA,50,1.0
983,2023,LIMA,CHORRILLOS,50,1.0
984,2023,LIMA,VILLA MARIA DEL TRIUNFO,50,2.0
985,2023,LIMA,LA MOLINA,50,1.0
986,2023,CALLAO,CALLAO,50,1.0
987,2023,LIMA,CARABAYLLO,51,1.0
988,2023,LIMA,PUENTE PIEDRA,51,4.0
989,2023,HUAROCHIRI,SAN ANTONIO,51,1.0
990,2023,LIMA,COMAS,51,3.0
991,2023,LIMA,SAN JUAN DE LURIGANCHO,51,1.0
992,2023,LIMA,INDEPENDENCIA,51,2.0
993,2023,LIMA,ATE,51,1.0
994,2023,LIMA,ANCON,51,1.0
995,2023,LIMA,SAN JUAN DE MIRAFLORES,51,3.0
996,2023,LIMA,VILLA MARIA DEL TRIUNFO,51,2.0
997,2023,LIMA,LURIGANCHO,51,5.0
998,2023,LIMA,SANTA ANITA,51,1.0
999,2023,LIMA,CHACLACAYO,51,3.0
1000,2023,CALLAO,VENTANILLA,51,2.0
1001,2023,CALLAO,MI PERU,51,10.0
1002,2023,CALLAO,BELLAVISTA,51,0.0
1003,2023,CALLAO,CALLAO,51,0.0
1004,2023,CALLAO,LA PERLA,51,0.0
1005,2023,CALLAO,LA PUNTA,51,0.0
1006,2023,LIMA,PACHACAMAC,51,1.0
1007,2023,LIMA,SANTIAGO DE SURCO,51,1.0
1008,2023,LIMA,CHORRILLOS,51,1.0
1009,2023,CALLAO,CARMEN DE LA LEGUA REYNOSO,51,0.0
1010,2023,LIMA,SAN JUAN DE MIRAFLORES,52,2.0
1011,2023,LIMA,SAN JUAN DE LURIGANCHO,52,1.0
1012,2023,LIMA,COMAS,52,1.0
1013,2023,LIMA,PUENTE PIEDRA,52,5.0
1014,2023,LIMA,ATE,52,1.0
1015,2023,CALLAO,CARMEN DE LA LEGUA REYNOSO,52,0.0
1016,2023,LIMA,LURIGANCHO,52,3.0
1017,2023,LIMA,LA MOLINA,52,1.0
1018,2023,LIMA,EL AGUSTINO,52,1.0
1019,2023,CALLAO,LA PERLA,52,0.0
1020,2023,CALLAO,MI PERU,52,3.0
1021,2023,CALLAO,CALLAO,52,2.0
1022,2023,CALLAO,BELLAVISTA,52,0.0
1023,2023,LIMA,SAN MARTIN DE PORRES,52,1.0
1024,2023,LIMA,CHORRILLOS,52,1.0
